"idlocalizacao","uf","municipio","latitude","longitude","posicionamento"
1,"MG","NOVA LIMA","-20°06'36.810''","-43°54'31.680''","Sul do Equador"
2,"MG","NOVA LIMA","-20°06'36.060''","-43°54'11.690''","Sul do Equador"
3,"MG","CARANAÍBA","-20°54'12.200''","-43°48'14.000''","Sul do Equador"
4,"MG","ITATIAIUÇU","-20°10'09.300''","-44°27'03.170''","Sul do Equador"
5,"MG","MATEUS LEME","-20°07'44.700''","-44°25'12.700''","Sul do Equador"
6,"MG","MATEUS LEME","-20°07'49.000''","-44°25'21.000''","Sul do Equador"
7,"MG","MATEUS LEME","-20°07'50.650''","-44°25'36.130''","Sul do Equador"
8,"MG","ITATIAIUÇU","-20°09'42.900''","-44°27'22.500''","Sul do Equador"
9,"MG","MATEUS LEME","-20°07'27.890''","-44°24'00.660''","Sul do Equador"
10,"MG","ITATIAIUÇU","-20°09'44.900''","-44°26'50.600''","Sul do Equador"
11,"MG","ITATIAIUÇU","-20°09'21.200''","-44°26'49.500''","Sul do Equador"
12,"MG","ITATIAIUÇU","-20°08'10.800''","-44°24'18.900''","Sul do Equador"
13,"MG","MATEUS LEME","-20°07'31.200''","-44°24'37.700''","Sul do Equador"
14,"MG","MATEUS LEME","-20°07'34.500''","-44°24'48.600''","Sul do Equador"
15,"MG","ITATIAIUÇU","-20°08'45.300''","-44°24'19.700''","Sul do Equador"
16,"MG","ITATIAIUÇU","-20°09'35.400''","-44°26'59.800''","Sul do Equador"
17,"MG","MATEUS LEME","-20°07'17.000''","-44°22'16.400''","Sul do Equador"
18,"MG","MATEUS LEME","-20°07'12.800''","-44°22'18.400''","Sul do Equador"
19,"MG","MATEUS LEME","-20°06'57.900''","-44°22'16.500''","Sul do Equador"
20,"MG","ITATIAIUÇU","-20°08'25.400''","-44°25'20.900''","Sul do Equador"
21,"MG","ITATIAIUÇU","-20°09'01.300''","-44°26'09.000''","Sul do Equador"
22,"MG","ITATIAIUÇU","-20°09'21.800''","-44°26'29.000''","Sul do Equador"
23,"MG","OURO PRETO","-20°24'42.200''","-43°51'55.000''","Sul do Equador"
24,"MG","MARIANA","-20°20'17.000''","-43°25'28.600''","Sul do Equador"
25,"MG","BARÃO DE COCAIS","-19°58'24.601''","-43°36'13.419''","Sul do Equador"
26,"MG","BARÃO DE COCAIS","-19°56'55.421''","-43°35'12.119''","Sul do Equador"
27,"MG","BARÃO DE COCAIS","-19°56'18.423''","-43°35'01.717''","Sul do Equador"
28,"MG","BARÃO DE COCAIS","-19°58'18.219''","-43°36'29.024''","Sul do Equador"
29,"SP","SOROCABA","-23°30'32.300''","-47°23'27.200''","Sul do Equador"
30,"PA","CANAÃ DOS CARAJÁS","-06°23'57.800''","-50°20'24.500''","Sul do Equador"
31,"PA","CANAÃ DOS CARAJÁS","-06°27'17.700''","-50°13'43.500''","Sul do Equador"
32,"PA","CANAÃ DOS CARAJÁS","-06°23'39.900''","-50°19'11.300''","Sul do Equador"
33,"PA","CANAÃ DOS CARAJÁS","-06°28'41.600''","-50°19'16.900''","Sul do Equador"
34,"PA","SÃO FÉLIX DO XINGU","-06°49'53.500''","-51°59'27.600''","Sul do Equador"
35,"PA","SÃO FÉLIX DO XINGU","-06°33'42.700''","-51°10'16.100''","Sul do Equador"
36,"PA","SÃO FÉLIX DO XINGU","-06°33'37.400''","-51°10'00.200''","Sul do Equador"
37,"PA","OURILÂNDIA DO NORTE","-06°34'49.700''","-51°04'37.500''","Sul do Equador"
38,"PA","SÃO FÉLIX DO XINGU","-06°33'31.456''","-51°10'40.184''","Sul do Equador"
39,"PA","SÃO FÉLIX DO XINGU","-06°33'21.445''","-51°10'24.538''","Sul do Equador"
40,"MG","DESCOBERTO","-21°28'01.900''","-42°53'09.500''","Sul do Equador"
41,"SE","ROSÁRIO DO CATETE","-10°39'12.400''","-37°01'50.100''","Sul do Equador"
42,"MG","CONGONHAS","-20°27'05.947''","-43°54'23.637''","Sul do Equador"
43,"MT","POCONÉ","-16°07'11.800''","-56°35'15.800''","Sul do Equador"
44,"MT","POCONÉ","-16°14'28.910''","-56°36'17.520''","Sul do Equador"
45,"BA","BRUMADO","-14°14'01.600''","-41°43'10.900''","Sul do Equador"
46,"MT","POCONÉ","-16°17'41.470''","-56°39'05.520''","Sul do Equador"
47,"MT","POCONÉ","-16°05'54.110''","-56°34'06.880''","Sul do Equador"
48,"BA","SANTALUZ","-11°15'37.010''","-39°21'27.220''","Sul do Equador"
49,"BA","SANTALUZ","-11°15'37.870''","-39°21'27.200''","Sul do Equador"
50,"BA","SANTALUZ","-11°15'36.320''","-39°21'27.300''","Sul do Equador"
51,"MT","ROSÁRIO OESTE","-14°50'36.750''","-56°33'46.670''","Sul do Equador"
52,"BA","JAGUARARI","-09°49'49.110''","-39°49'29.700''","Sul do Equador"
53,"RJ","SÃO JOÃO DA BARRA","-21°49'52.000''","-41°01'14.000''","Sul do Equador"
54,"MG","MATEUS LEME","-19°56'04.000''","-44°28'15.000''","Sul do Equador"
55,"MG","MATEUS LEME","-19°56'03.000''","-44°28'17.000''","Sul do Equador"
56,"MG","MATEUS LEME","-19°56'02.000''","-44°28'19.000''","Sul do Equador"
57,"MG","UBERABA","-19°24'39.269''","-47°57'25.648''","Sul do Equador"
58,"MG","UBERABA","-19°24'40.873''","-47°57'27.817''","Sul do Equador"
59,"MG","UBERABA","-19°24'38.963''","-47°57'21.016''","Sul do Equador"
60,"MG","UBERABA","-19°24'36.580''","-47°57'17.867''","Sul do Equador"
61,"MG","UBERABA","-19°24'41.235''","-47°57'23.791''","Sul do Equador"
62,"MG","UBERABA","-19°24'34.100''","-47°57'20.460''","Sul do Equador"
63,"SP","MOGI DAS CRUZES","-23°33'46.100''","-46°16'04.500''","Sul do Equador"
64,"SP","MOGI DAS CRUZES","-23°33'56.300''","-46°16'24.100''","Sul do Equador"
65,"BA","IRECÊ","-11°19'41.800''","-41°48'25.300''","Sul do Equador"
66,"BA","SIMÕES FILHO","-12°51'27.180''","-38°24'17.560''","Sul do Equador"
67,"SC","IÇARA","-28°43'45.000''","-49°14'54.000''","Sul do Equador"
68,"SP","TATUÍ","-23°21'17.300''","-47°43'48.900''","Sul do Equador"
69,"SP","SANTOS","-23°52'54.000''","-46°18'51.600''","Sul do Equador"
70,"PA","ALMEIRIM","-00°54'52.451''","-52°25'43.269''","Sul do Equador"
71,"PA","ALMEIRIM","-00°54'40.017''","-52°25'56.866''","Sul do Equador"
72,"AP","VITÓRIA DO JARI","-00°53'38.500''","-52°21'52.500''","Sul do Equador"
73,"AP","VITÓRIA DO JARI","-00°52'58.400''","-52°22'52.000''","Sul do Equador"
74,"MG","ITABIRITO","-20°14'59.720''","-43°56'07.650''","Sul do Equador"
75,"MG","ITABIRITO","-20°15'04.290''","-43°56'14.040''","Sul do Equador"
76,"RO","CAMPO NOVO DE RONDÔNIA","-10°30'18.000''","-63°37'14.100''","Sul do Equador"
77,"RO","CAMPO NOVO DE RONDÔNIA","-10°30'46.700''","-63°37'16.600''","Sul do Equador"
78,"PA","SÃO FÉLIX DO XINGU","-06°06'36.700''","-52°16'31.000''","Sul do Equador"
79,"PA","SÃO FÉLIX DO XINGU","-06°04'32.800''","-52°15'18.700''","Sul do Equador"
80,"RO","CUJUBIM","-09°31'24.000''","-62°54'21.200''","Sul do Equador"
81,"RO","JARU","-10°49'19.200''","-62°50'02.200''","Sul do Equador"
82,"RO","MINISTRO ANDREAZZA","-11°09'30.250''","-61°36'42.030''","Sul do Equador"
83,"RO","MINISTRO ANDREAZZA","-11°09'42.850''","-61°36'50.800''","Sul do Equador"
84,"RO","URUPÁ","-11°08'07.500''","-62°26'15.100''","Sul do Equador"
85,"MG","ITABIRITO","-20°22'38.190''","-43°54'52.910''","Sul do Equador"
86,"MG","ITABIRITO","-20°22'41.120''","-43°54'55.540''","Sul do Equador"
87,"MG","ITABIRITO","-20°22'39.730''","-43°54'54.340''","Sul do Equador"
88,"MG","ITABIRITO","-20°22'45.940''","-43°55'00.850''","Sul do Equador"
89,"MG","ITABIRITO","-20°22'50.400''","-43°55'03.030''","Sul do Equador"
90,"MG","ITABIRITO","-20°22'50.560''","-43°55'09.330''","Sul do Equador"
91,"MG","ITABIRITO","-20°22'46.200''","-43°55'00.900''","Sul do Equador"
92,"MG","ITABIRITO","-20°22'37.870''","-43°54'45.680''","Sul do Equador"
93,"AM","PRESIDENTE FIGUEIREDO","-00°43'24.700''","-60°11'48.200''","Sul do Equador"
94,"AM","PRESIDENTE FIGUEIREDO","-00°44'25.500''","-60°12'05.100''","Sul do Equador"
95,"AM","PRESIDENTE FIGUEIREDO","-00°44'35.500''","-60°12'05.100''","Sul do Equador"
96,"AM","PRESIDENTE FIGUEIREDO","-00°45'41.600''","-60°12'21.500''","Sul do Equador"
97,"AM","PRESIDENTE FIGUEIREDO","-00°42'25.600''","-60°11'33.100''","Sul do Equador"
98,"AM","PRESIDENTE FIGUEIREDO","-00°44'19.100''","-60°10'02.600''","Sul do Equador"
99,"AM","PRESIDENTE FIGUEIREDO","-00°47'22.400''","-60°00'46.900''","Sul do Equador"
100,"MG","ARAXÁ","-19°39'35.000''","-46°55'37.000''","Sul do Equador"
101,"SP","MOGI DAS CRUZES","-23°23'53.400''","-46°12'17.400''","Sul do Equador"
102,"SP","MOGI DAS CRUZES","-23°23'43.800''","-46°12'17.400''","Sul do Equador"
103,"MG","BRUMADINHO","-20°04'02.800''","-44°01'22.900''","Sul do Equador"
104,"MG","PRADOS","-21°11'27.800''","-43°59'28.500''","Sul do Equador"
105,"SP","CAIEIRAS","-23°23'35.060''","-46°46'30.100''","Sul do Equador"
106,"BA","ITAGIBÁ","-14°11'47.547''","-39°41'29.939''","Sul do Equador"
107,"BA","BRUMADO","-14°05'52.550''","-41°41'21.140''","Sul do Equador"
108,"MG","SENADOR MODESTINO GONÇALVES","-17°58'06.460''","-43°10'11.200''","Sul do Equador"
109,"MG","SENADOR MODESTINO GONÇALVES","-17°58'05.930''","-43°10'08.450''","Sul do Equador"
110,"MG","SENADOR MODESTINO GONÇALVES","-17°58'07.170''","-43°10'11.080''","Sul do Equador"
111,"SP","BOFETE","-23°11'18.600''","-48°21'04.800''","Sul do Equador"
112,"SP","MOGI DAS CRUZES","-23°24'04.600''","-46°12'19.500''","Sul do Equador"
113,"SP","GUARAREMA","-23°23'32.300''","-46°08'10.900''","Sul do Equador"
114,"MG","ITABIRA","-19°41'32.500''","-43°06'46.300''","Sul do Equador"
115,"MT","POCONÉ","-16°10'33.100''","-56°35'40.100''","Sul do Equador"
116,"BA","VITÓRIA DA CONQUISTA","-14°48'40.373''","-41°00'17.917''","Sul do Equador"
117,"RO","RIO CRESPO","-09°46'14.500''","-62°44'26.300''","Sul do Equador"
118,"SP","BRUMADINHO","-20°06'43.300''","-44°13'12.700''","Sul do Equador"
119,"SP","BRUMADINHO","-20°06'56.500''","-44°13'06.100''","Sul do Equador"
120,"SP","BRUMADINHO","-20°06'39.300''","-44°13'26.700''","Sul do Equador"
121,"RS","ALAMBARI","-23°34'46.419''","-47°49'45.677''","Sul do Equador"
122,"MG","AGUAÍ","-21°59'46.400''","-47°10'06.900''","Sul do Equador"
123,"PI","AGUAÍ","-21°59'46.200''","-47°10'04.100''","Sul do Equador"
124,"PB","NOVA PETRÓPOLIS","-29°20'48.000''","-51°11'30.000''","Sul do Equador"
125,"MG","INHAÚMA","-19°34'56.800''","-44°24'41.100''","Sul do Equador"
126,"MG","SÃO LOURENÇO DO PIAUÍ","-09°14'09.800''","-42°34'41.200''","Sul do Equador"
127,"MG","VÁRZEA","-06°48'35.100''","-37°00'22.200''","Sul do Equador"
128,"MG","ITATIAIUÇU","-20°08'19.363''","-44°24'02.991''","Sul do Equador"
129,"MG","ITATIAIUÇU","-20°08'18.900''","-44°24'02.700''","Sul do Equador"
130,"MG","MATEUS LEME","-20°07'11.260''","-44°23'07.880''","Sul do Equador"
131,"MG","MATEUS LEME","-20°07'25.280''","-44°22'31.860''","Sul do Equador"
132,"MT","ITATIAIUÇU","-20°07'53.460''","-44°22'30.040''","Sul do Equador"
133,"MT","ITATIAIUÇU","-20°08'00.950''","-44°22'46.450''","Sul do Equador"
134,"MT","ITATIAIUÇU","-20°07'54.830''","-44°22'35.900''","Sul do Equador"
135,"SP","JUÍNA","-11°18'48.229''","-59°05'10.553''","Sul do Equador"
136,"SP","NOVA SANTA HELENA","-10°41'11.950''","-54°49'27.770''","Sul do Equador"
137,"SP","NOVA SANTA HELENA","-10°41'10.760''","-54°49'27.260''","Sul do Equador"
138,"MG","ITAPETININGA","-23°39'32.700''","-48°00'20.400''","Sul do Equador"
139,"MT","ITAPETININGA","-23°39'05.500''","-47°59'32.500''","Sul do Equador"
140,"MT","SALTO DE PIRAPORA","-23°37'42.100''","-47°37'19.200''","Sul do Equador"
141,"SC","SALTO DE PIRAPORA","-23°37'53.600''","-47°37'18.500''","Sul do Equador"
142,"MG","DIAMANTINA","-18°00'32.600''","-43°46'08.100''","Sul do Equador"
143,"AP","NOSSA SENHORA DO LIVRAMENTO","-15°41'47.500''","-56°20'02.100''","Sul do Equador"
144,"AP","NOSSA SENHORA DO LIVRAMENTO","-16°10'59.700''","-56°25'06.900''","Sul do Equador"
145,"TO","FORQUILHINHA","-28°44'18.600''","-49°25'33.200''","Sul do Equador"
146,"AP","BRUMADINHO","-20°07'17.760''","-44°19'09.740''","Sul do Equador"
147,"MG","MAZAGÃO","00°22'46.200''","-51°43'22.000''","Norte do Equador"
148,"MG","MAZAGÃO","00°21'05.800''","-51°50'16.300''","Norte do Equador"
149,"RO","MONTE DO CARMO","-10°45'37.774''","-48°04'50.612''","Sul do Equador"
150,"SP","CALÇOENE","02°17'09.000''","-51°38'00.000''","Norte do Equador"
151,"RO","ITABIRITO","-20°17'34.470''","-43°56'19.060''","Sul do Equador"
152,"RO","ITABIRITO","-20°16'42.200''","-43°55'51.100''","Sul do Equador"
153,"MG","ITABIRITO","-20°16'58.800''","-43°55'38.200''","Sul do Equador"
154,"MG","RIO CRESPO","-09°37'20.200''","-63°03'39.100''","Sul do Equador"
155,"MG","SANTA ISABEL","-23°21'24.500''","-46°16'31.200''","Sul do Equador"
156,"MG","VILHENA","-12°55'57.300''","-60°20'58.300''","Sul do Equador"
157,"MG","VILHENA","-12°57'09.130''","-60°24'29.700''","Sul do Equador"
158,"MG","BELA VISTA DE MINAS","-19°47'05.000''","-43°11'31.300''","Sul do Equador"
159,"MG","BELA VISTA DE MINAS","-19°46'59.200''","-43°10'59.200''","Sul do Equador"
160,"RO","BELA VISTA DE MINAS","-19°47'05.900''","-43°10'48.600''","Sul do Equador"
161,"RO","BELA VISTA DE MINAS","-19°46'37.840''","-43°11'21.930''","Sul do Equador"
162,"RO","BELA VISTA DE MINAS","-19°46'34.733''","-43°11'27.772''","Sul do Equador"
163,"AP","BELA VISTA DE MINAS","-19°47'09.952''","-43°10'22.069''","Sul do Equador"
164,"BA","BELA VISTA DE MINAS","-19°47'01.777''","-43°09'54.766''","Sul do Equador"
165,"BA","VILHENA","-12°57'35.100''","-60°17'15.500''","Sul do Equador"
166,"BA","VILHENA","-12°48'17.470''","-60°21'52.000''","Sul do Equador"
167,"MG","VILHENA","-12°53'50.800''","-60°25'21.300''","Sul do Equador"
168,"PA","CALÇOENE","02°19'16.300''","-51°41'26.100''","Norte do Equador"
169,"PA","ANDORINHA","-10°18'51.000''","-39°46'02.000''","Sul do Equador"
170,"PA","ANDORINHA","-10°18'53.700''","-39°45'57.000''","Sul do Equador"
171,"PA","ANDORINHA","-10°18'56.000''","-39°45'57.000''","Sul do Equador"
172,"PA","CONGONHAS","-20°26'11.430''","-43°52'18.450''","Sul do Equador"
173,"PA","CANAÃ DOS CARAJÁS","-06°24'28.900''","-50°02'39.000''","Sul do Equador"
174,"SP","CANAÃ DOS CARAJÁS","-06°24'20.600''","-50°03'25.600''","Sul do Equador"
175,"RO","CANAÃ DOS CARAJÁS","-06°24'09.341''","-50°04'31.472''","Sul do Equador"
176,"GO","CANAÃ DOS CARAJÁS","-06°24'41.461''","-50°01'59.710''","Sul do Equador"
177,"SP","CANAÃ DOS CARAJÁS","-06°24'21.578''","-50°05'03.123''","Sul do Equador"
178,"SP","CANAÃ DOS CARAJÁS","-06°26'01.900''","-50°02'54.100''","Sul do Equador"
179,"SP","ANALÂNDIA","-22°09'18.075''","-47°38'22.025''","Sul do Equador"
180,"SP","ITAPUÃ DO OESTE","-09°28'03.800''","-63°04'19.000''","Sul do Equador"
181,"SP","SÃO LUÍS DE MONTES BELOS","-16°23'38.000''","-50°23'01.200''","Sul do Equador"
182,"SP","MOGI DAS CRUZES","-23°24'43.000''","-46°12'42.800''","Sul do Equador"
183,"SP","BOFETE","-23°07'15.000''","-48°13'35.400''","Sul do Equador"
184,"BA","SÃO PAULO","-23°47'06.400''","-46°41'48.400''","Sul do Equador"
185,"BA","SÃO PAULO","-23°46'58.500''","-46°41'55.700''","Sul do Equador"
186,"MA","CARAGUATATUBA","-23°39'32.400''","-45°31'14.400''","Sul do Equador"
187,"SP","MOGI DAS CRUZES","-23°24'16.000''","-46°11'54.500''","Sul do Equador"
188,"MT","BOFETE","-23°10'41.300''","-48°20'47.500''","Sul do Equador"
189,"GO","JAGUARARI","-09°51'41.800''","-39°52'23.100''","Sul do Equador"
190,"MG","JAGUARARI","-09°51'10.300''","-39°52'05.300''","Sul do Equador"
191,"MG","CODÓ","-04°31'24.900''","-44°00'57.700''","Sul do Equador"
192,"MG","MOGI DAS CRUZES","-23°25'00.660''","-46°12'45.860''","Sul do Equador"
193,"SP","CUIABÁ","-15°33'30.000''","-55°48'10.460''","Sul do Equador"
194,"MG","SÃO LUÍS DE MONTES BELOS","-16°23'49.700''","-50°23'00.300''","Sul do Equador"
195,"MG","BRUMADINHO","-20°07'36.100''","-44°18'58.100''","Sul do Equador"
196,"MG","MARIANA","-20°10'15.254''","-43°29'53.120''","Sul do Equador"
197,"MG","MARIANA","-20°10'11.676''","-43°29'45.981''","Sul do Equador"
198,"MG","ANALÂNDIA","-22°09'25.047''","-47°38'34.049''","Sul do Equador"
199,"MG","BETIM","-19°51'53.770''","-44°05'35.104''","Sul do Equador"
200,"MG","BETIM","-19°52'33.440''","-44°06'01.770''","Sul do Equador"
201,"MG","ITUTINGA","-21°18'29.660''","-44°39'39.180''","Sul do Equador"
202,"MG","SABARÁ","-19°49'17.090''","-43°43'01.480''","Sul do Equador"
203,"MG","SABARÁ","-19°48'55.680''","-43°42'36.490''","Sul do Equador"
204,"MG","ITUTINGA","-21°18'29.650''","-44°39'42.590''","Sul do Equador"
205,"MG","ITUTINGA","-21°18'31.440''","-44°39'43.340''","Sul do Equador"
206,"MG","ITAÚNA","-20°08'48.020''","-44°27'15.790''","Sul do Equador"
207,"PA","ITAÚNA","-20°08'48.680''","-44°27'05.270''","Sul do Equador"
208,"PA","CATAS ALTAS","-20°01'38.910''","-43°25'26.900''","Sul do Equador"
209,"BA","BRUMADINHO","-20°07'47.530''","-44°06'09.230''","Sul do Equador"
210,"BA","BRUMADINHO","-20°07'23.117''","-44°06'23.291''","Sul do Equador"
211,"BA","BRUMADINHO","-20°06'57.240''","-44°17'53.170''","Sul do Equador"
212,"BA","JURUTI","-02°29'12.100''","-56°10'41.300''","Sul do Equador"
213,"BA","PARAUAPEBAS","-06°06'26.050''","-50°19'04.929''","Sul do Equador"
214,"BA","JAGUARARI","-09°51'10.170''","-39°51'44.268''","Sul do Equador"
215,"BA","JAGUARARI","-09°51'19.593''","-39°51'50.354''","Sul do Equador"
216,"BA","JAGUARARI","-09°51'15.285''","-39°51'59.529''","Sul do Equador"
217,"BA","JAGUARARI","-09°51'19.659''","-39°52'02.121''","Sul do Equador"
218,"BA","JAGUARARI","-09°51'07.668''","-39°51'48.038''","Sul do Equador"
219,"BA","JAGUARARI","-09°51'08.350''","-39°51'53.799''","Sul do Equador"
220,"BA","JAGUARARI","-09°51'19.270''","-39°51'54.399''","Sul do Equador"
221,"BA","JAGUARARI","-09°51'26.408''","-39°51'48.095''","Sul do Equador"
222,"BA","JAGUARARI","-09°51'20.905''","-39°51'45.971''","Sul do Equador"
223,"BA","JAGUARARI","-09°52'46.158''","-39°51'54.612''","Sul do Equador"
224,"BA","JAGUARARI","-09°52'42.688''","-39°52'02.408''","Sul do Equador"
225,"BA","JAGUARARI","-09°52'48.573''","-39°51'51.266''","Sul do Equador"
226,"BA","JAGUARARI","-09°52'35.737''","-39°52'06.101''","Sul do Equador"
227,"BA","JAGUARARI","-09°52'45.946''","-39°52'06.752''","Sul do Equador"
228,"MG","JAGUARARI","-09°52'27.852''","-39°52'05.620''","Sul do Equador"
229,"AP","JAGUARARI","-09°52'40.341''","-39°51'57.787''","Sul do Equador"
230,"MS","JAGUARARI","-09°52'31.400''","-39°52'09.937''","Sul do Equador"
231,"SP","JAGUARARI","-09°52'29.492''","-39°52'17.263''","Sul do Equador"
232,"PA","JAGUARARI","-09°52'28.070''","-39°52'20.060''","Sul do Equador"
233,"PA","LAGAMAR","-18°16'56.035''","-46°51'40.773''","Sul do Equador"
234,"MG","FERREIRA GOMES","01°00'07.100''","-51°07'44.000''","Norte do Equador"
235,"PA","CORUMBÁ","-19°12'01.263''","-57°38'21.980''","Sul do Equador"
236,"SP","SANTA ISABEL","-23°21'21.800''","-46°16'28.900''","Sul do Equador"
237,"GO","CURIONÓPOLIS","-06°14'52.779''","-49°44'47.639''","Sul do Equador"
238,"GO","CURIONÓPOLIS","-06°14'41.875''","-49°44'40.790''","Sul do Equador"
239,"GO","ARAXÁ","-19°40'24.340''","-46°58'19.196''","Sul do Equador"
240,"MG","PARAUAPEBAS","-06°29'06.900''","-51°04'39.100''","Sul do Equador"
241,"MG","DESCALVADO","-21°57'24.480''","-47°37'18.695''","Sul do Equador"
242,"MG","OUVIDOR","-18°09'03.027''","-47°46'55.116''","Sul do Equador"
243,"MG","OUVIDOR","-18°09'06.993''","-47°46'58.814''","Sul do Equador"
244,"MS","OUVIDOR","-18°08'19.663''","-47°46'55.691''","Sul do Equador"
245,"MG","BELO HORIZONTE","-20°01'31.010''","-44°00'48.700''","Sul do Equador"
246,"MG","CONGONHAS","-20°25'52.800''","-43°52'58.300''","Sul do Equador"
247,"MG","SANTA BÁRBARA","-20°11'06.300''","-43°36'20.700''","Sul do Equador"
248,"MT","MARIANA","-20°20'56.300''","-43°24'47.100''","Sul do Equador"
249,"TO","CORUMBÁ","-19°11'30.625''","-57°36'49.613''","Sul do Equador"
250,"TO","ANTÔNIO DIAS","-19°32'43.650''","-43°01'51.370''","Sul do Equador"
251,"SP","MARIANA","-20°10'40.642''","-43°29'51.299''","Sul do Equador"
252,"MS","PATROCÍNIO","-18°59'12.152''","-46°47'58.919''","Sul do Equador"
253,"MT","POCONÉ","-16°14'52.070''","-56°35'44.880''","Sul do Equador"
254,"MT","NATIVIDADE","-11°38'57.580''","-47°40'34.240''","Sul do Equador"
255,"MT","NATIVIDADE","-11°39'00.010''","-47°40'30.010''","Sul do Equador"
256,"MG","IBIÚNA","-23°47'07.500''","-47°07'10.000''","Sul do Equador"
257,"MG","CORUMBÁ","-19°11'26.914''","-57°37'00.111''","Sul do Equador"
258,"TO","POCONÉ","-16°14'20.620''","-56°39'09.370''","Sul do Equador"
259,"BA","POCONÉ","-16°17'52.240''","-56°42'42.110''","Sul do Equador"
260,"BA","POCONÉ","-16°18'00.590''","-56°43'58.620''","Sul do Equador"
261,"BA","ANTÔNIO DIAS","-19°32'59.900''","-43°01'20.100''","Sul do Equador"
262,"MG","ANTÔNIO DIAS","-19°32'51.300''","-43°01'17.500''","Sul do Equador"
263,"MG","NATIVIDADE","-11°35'20.200''","-47°52'59.420''","Sul do Equador"
264,"BA","JAGUARARI","-09°52'36.998''","-39°52'12.550''","Sul do Equador"
265,"BA","JAGUARARI","-09°52'41.556''","-39°52'12.241''","Sul do Equador"
266,"BA","JAGUARARI","-09°52'44.626''","-39°52'17.061''","Sul do Equador"
267,"BA","SÃO GONÇALO DO RIO ABAIXO","-19°53'29.500''","-43°17'07.900''","Sul do Equador"
268,"BA","SÃO GONÇALO DO RIO ABAIXO","-19°53'31.600''","-43°17'05.000''","Sul do Equador"
269,"BA","JAGUARARI","-09°51'09.377''","-39°51'57.949''","Sul do Equador"
270,"BA","JAGUARARI","-09°51'15.571''","-39°51'48.114''","Sul do Equador"
271,"RO","JAGUARARI","-09°51'13.350''","-39°51'49.800''","Sul do Equador"
272,"RO","JAGUARARI","-09°51'22.936''","-39°51'53.774''","Sul do Equador"
273,"BA","JAGUARARI","-09°52'44.880''","-39°51'50.170''","Sul do Equador"
274,"MG","JAGUARARI","-09°52'33.556''","-39°52'17.827''","Sul do Equador"
275,"MT","JAGUARARI","-09°52'29.629''","-39°51'53.877''","Sul do Equador"
276,"MG","ITAPUÃ DO OESTE","-09°25'54.500''","-63°03'19.900''","Sul do Equador"
277,"RO","ITAPUÃ DO OESTE","-09°25'60.300''","-63°03'19.900''","Sul do Equador"
278,"RO","JAGUARARI","-09°52'41.710''","-39°52'20.319''","Sul do Equador"
279,"RO","INHAÚMA","-19°34'57.350''","-44°24'35.750''","Sul do Equador"
280,"RO","POCONÉ","-16°02'04.210''","-56°32'00.710''","Sul do Equador"
281,"MT","ARAXÁ","-19°39'11.977''","-46°57'22.312''","Sul do Equador"
282,"BA","ITAPUÃ DO OESTE","-09°27'29.000''","-63°03'07.000''","Sul do Equador"
283,"BA","ITAPUÃ DO OESTE","-09°26'13.950''","-63°03'28.000''","Sul do Equador"
284,"BA","ITAPUÃ DO OESTE","-09°27'51.000''","-63°04'28.000''","Sul do Equador"
285,"BA","ITAPUÃ DO OESTE","-09°27'41.000''","-63°04'32.000''","Sul do Equador"
286,"BA","NOSSA SENHORA DO LIVRAMENTO","-15°48'41.050''","-56°23'24.690''","Sul do Equador"
287,"BA","JAGUARARI","-09°51'25.092''","-39°51'56.548''","Sul do Equador"
288,"BA","JAGUARARI","-09°52'49.640''","-39°52'01.811''","Sul do Equador"
289,"BA","JAGUARARI","-09°52'39.158''","-39°52'04.348''","Sul do Equador"
290,"SP","JAGUARARI","-09°52'47.508''","-39°51'58.329''","Sul do Equador"
291,"SP","JAGUARARI","-09°51'13.988''","-39°51'44.684''","Sul do Equador"
292,"RO","JAGUARARI","-09°52'25.841''","-39°52'15.247''","Sul do Equador"
293,"MT","JAGUARARI","-09°52'22.800''","-39°52'16.130''","Sul do Equador"
294,"MT","JAGUARARI","-09°52'22.000''","-39°52'18.350''","Sul do Equador"
295,"MT","DESCALVADO","-21°57'17.062''","-47°36'48.014''","Sul do Equador"
296,"MT","DESCALVADO","-21°57'06.006''","-47°36'47.022''","Sul do Equador"
297,"SC","ITAPETININGA","-23°39'44.784''","-48°00'05.036''","Sul do Equador"
298,"MT","MACHADINHO D'OESTE","-09°34'60.000''","-62°23'46.000''","Sul do Equador"
299,"MT","NOSSA SENHORA DO LIVRAMENTO","-15°39'51.460''","-56°21'16.370''","Sul do Equador"
300,"MT","NOSSA SENHORA DO LIVRAMENTO","-15°55'25.845''","-56°09'48.833''","Sul do Equador"
301,"MT","NOSSA SENHORA DO LIVRAMENTO","-15°41'32.910''","-56°21'55.801''","Sul do Equador"
302,"MG","NOVA SANTA HELENA","-10°48'08.950''","-55°11'10.160''","Sul do Equador"
303,"MT","URUSSANGA","-28°27'23.190''","-49°22'13.980''","Sul do Equador"
304,"RO","NOSSA SENHORA DO LIVRAMENTO","-15°54'19.508''","-56°12'11.095''","Sul do Equador"
305,"PA","NOVA SANTA HELENA","-10°48'08.950''","-55°11'10.160''","Sul do Equador"
306,"MT","NOSSA SENHORA DO LIVRAMENTO","-15°51'48.376''","-56°13'29.773''","Sul do Equador"
307,"BA","ROSÁRIO OESTE","-14°52'44.900''","-56°34'22.900''","Sul do Equador"
308,"BA","NOVA LIMA","-20°08'49.844''","-43°53'08.710''","Sul do Equador"
309,"BA","CATAS ALTAS","-20°05'27.000''","-43°24'57.000''","Sul do Equador"
310,"MT","CATAS ALTAS","-20°05'30.000''","-43°24'58.000''","Sul do Equador"
311,"MT","CATAS ALTAS","-20°05'53.000''","-43°24'51.000''","Sul do Equador"
312,"MG","PARANAÍTA","-09°22'46.850''","-56°33'52.000''","Sul do Equador"
313,"MT","RIO CRESPO","-09°35'10.710''","-62°51'51.450''","Sul do Equador"
314,"RO","CURIONÓPOLIS","-06°05'11.929''","-49°39'08.247''","Sul do Equador"
315,"MT","POCONÉ","-16°16'23.070''","-56°41'46.380''","Sul do Equador"
316,"RO","JAGUARARI","-09°51'04.554''","-39°51'53.992''","Sul do Equador"
317,"MT","JAGUARARI","-09°51'05.515''","-39°51'50.083''","Sul do Equador"
318,"MT","JAGUARARI","-09°52'51.023''","-39°52'23.458''","Sul do Equador"
319,"MT","NOSSA SENHORA DO LIVRAMENTO","-16°09'57.130''","-56°25'28.230''","Sul do Equador"
320,"MT","ARIPUANÃ","-10°07'16.390''","-59°28'21.150''","Sul do Equador"
321,"MT","SARZEDO","-20°04'48.940''","-44°06'46.590''","Sul do Equador"
322,"MT","POCONÉ","-16°16'24.820''","-56°46'34.100''","Sul do Equador"
323,"MT","RIO CRESPO","-09°37'10.790''","-63°03'58.220''","Sul do Equador"
324,"MT","PARANAÍTA","-09°31'23.270''","-56°29'11.955''","Sul do Equador"
325,"MG","ARIQUEMES","-09°54'04.000''","-63°21'34.100''","Sul do Equador"
326,"MG","NOSSA SENHORA DO LIVRAMENTO","-15°45'21.620''","-56°09'58.550''","Sul do Equador"
327,"MT","NOSSA SENHORA DO LIVRAMENTO","-15°45'35.820''","-56°10'11.670''","Sul do Equador"
328,"MT","NOSSA SENHORA DO LIVRAMENTO","-15°56'43.650''","-56°11'19.390''","Sul do Equador"
329,"MT","VILA BELA DA SANTÍSSIMA TRINDADE","-14°41'39.584''","-59°43'44.833''","Sul do Equador"
330,"BA","NOSSA SENHORA DO LIVRAMENTO","-15°27'56.065''","-56°27'27.384''","Sul do Equador"
331,"MT","NOSSA SENHORA DO LIVRAMENTO","-15°58'10.563''","-56°17'11.535''","Sul do Equador"
332,"MT","NOSSA SENHORA DO LIVRAMENTO","-15°46'01.150''","-56°13'51.980''","Sul do Equador"
333,"TO","NOSSA SENHORA DO LIVRAMENTO","-15°45'45.420''","-56°15'53.860''","Sul do Equador"
334,"MT","ITABIRITO","-20°22'46.090''","-43°55'00.420''","Sul do Equador"
335,"MT","ITABIRITO","-20°22'43.870''","-43°55'00.130''","Sul do Equador"
336,"MT","NOSSA SENHORA DO LIVRAMENTO","-15°55'32.042''","-56°21'23.012''","Sul do Equador"
337,"BA","JUÍNA","-11°27'48.021''","-58°56'18.673''","Sul do Equador"
338,"BA","NOSSA SENHORA DO LIVRAMENTO","-15°55'09.590''","-56°29'27.180''","Sul do Equador"
339,"BA","JAGUARARI","-09°52'32.228''","-39°52'21.723''","Sul do Equador"
340,"BA","CUIABÁ","-15°30'38.230''","-56°02'51.970''","Sul do Equador"
341,"AP","NOSSA SENHORA DO LIVRAMENTO","-15°41'01.525''","-56°18'14.936''","Sul do Equador"
342,"PA","ALMAS","-11°26'47.040''","-47°11'34.920''","Sul do Equador"
343,"AP","NOSSA SENHORA DO LIVRAMENTO","-15°38'20.530''","-56°20'25.060''","Sul do Equador"
344,"AP","NOSSA SENHORA DO LIVRAMENTO","-15°40'33.880''","-56°21'56.860''","Sul do Equador"
345,"AP","NOSSA SENHORA DO LIVRAMENTO","-15°54'09.690''","-56°12'26.470''","Sul do Equador"
346,"AP","JAGUARARI","-09°51'39.164''","-39°52'49.306''","Sul do Equador"
347,"MT","JAGUARARI","-09°51'43.578''","-39°52'49.792''","Sul do Equador"
348,"PA","JAGUARARI","-09°51'48.506''","-39°52'47.816''","Sul do Equador"
349,"MT","JAGUARARI","-09°51'40.319''","-39°52'44.461''","Sul do Equador"
350,"MT","CALÇOENE","02°16'43.000''","-51°39'02.380''","Norte do Equador"
351,"MT","JACAREACANGA","-09°20'46.304''","-56°33'10.533''","Sul do Equador"
352,"MT","PORTO GRANDE","00°24'43.711''","-51°43'44.100''","Norte do Equador"
353,"MT","PORTO GRANDE","00°24'35.510''","-51°43'45.270''","Norte do Equador"
354,"MG","PORTO GRANDE","00°24'28.480''","-51°43'48.020''","Norte do Equador"
355,"MT","PORTO GRANDE","00°24'25.540''","-51°44'15.120''","Norte do Equador"
356,"MT","SÃO JOSÉ DOS QUATRO MARCOS","-15°39'08.660''","-58°32'34.280''","Sul do Equador"
357,"MT","JURUTI","-02°32'11.320''","-56°10'01.099''","Sul do Equador"
358,"MG","NOSSA SENHORA DO LIVRAMENTO","-15°58'45.620''","-56°29'27.430''","Sul do Equador"
359,"MG","POCONÉ","-16°00'32.640''","-56°37'20.453''","Sul do Equador"
360,"SP","VÁRZEA GRANDE","-15°37'18.217''","-56°16'33.369''","Sul do Equador"
361,"SP","NOVA BANDEIRANTES","-09°12'55.220''","-58°17'30.150''","Sul do Equador"
362,"SP","POCONÉ","-16°13'08.406''","-56°36'43.285''","Sul do Equador"
363,"PA","ITABIRITO","-20°17'09.506''","-43°53'54.556''","Sul do Equador"
364,"MT","PONTES E LACERDA","-15°10'53.160''","-59°20'42.550''","Sul do Equador"
365,"MT","NOSSA SENHORA DO LIVRAMENTO","-15°56'15.593''","-56°17'30.494''","Sul do Equador"
366,"MT","NOVA BANDEIRANTES","-09°12'55.220''","-58°17'30.150''","Sul do Equador"
367,"MT","ESMERALDAS","-19°44'41.155''","-44°22'29.539''","Sul do Equador"
368,"PA","ESMERALDAS","-19°44'42.014''","-44°22'29.210''","Sul do Equador"
369,"MT","MOGI DAS CRUZES","-23°23'50.400''","-46°11'41.600''","Sul do Equador"
370,"MG","TATUÍ","-23°21'13.090''","-47°44'03.750''","Sul do Equador"
371,"MT","BOFETE","-23°11'38.120''","-48°21'31.220''","Sul do Equador"
372,"MG","ITAITUBA","-06°24'55.980''","-55°58'14.840''","Sul do Equador"
373,"MG","NOSSA SENHORA DO LIVRAMENTO","-15°50'47.880''","-56°09'34.520''","Sul do Equador"
374,"MG","SANTO ANTÔNIO DE LEVERGER","-15°43'36.290''","-55°52'55.840''","Sul do Equador"
375,"MG","POCONÉ","-16°18'19.920''","-56°43'56.950''","Sul do Equador"
376,"PA","CARLINDA","-09°47'40.150''","-55°47'54.150''","Sul do Equador"
377,"MT","CURIONÓPOLIS","-06°05'11.970''","-49°39'08.550''","Sul do Equador"
378,"MT","NOVA LACERDA","-14°28'47.660''","-59°50'16.080''","Sul do Equador"
379,"MT","ITATIAIUÇU","-20°09'29.480''","-44°25'35.220''","Sul do Equador"
380,"MT","VÁRZEA GRANDE","-15°37'16.850''","-56°16'36.450''","Sul do Equador"
381,"MT","UBERABA","-19°24'34.093''","-47°57'14.044''","Sul do Equador"
382,"MT","UBERABA","-19°24'34.829''","-47°57'15.321''","Sul do Equador"
383,"MT","UBERABA","-19°24'34.270''","-47°57'19.726''","Sul do Equador"
384,"MT","UBERABA","-19°24'36.748''","-47°57'22.682''","Sul do Equador"
385,"MT","SÃO FÉLIX DO XINGU","-06°34'49.300''","-51°10'27.000''","Sul do Equador"
386,"BA","NOSSA SENHORA DO LIVRAMENTO","-15°47'48.210''","-56°16'15.760''","Sul do Equador"
387,"MT","CUIABÁ","-15°33'22.230''","-55°50'46.460''","Sul do Equador"
388,"MT","POCONÉ","-16°15'22.090''","-56°39'23.090''","Sul do Equador"
389,"MT","POCONÉ","-16°13'08.900''","-56°39'09.230''","Sul do Equador"
390,"MT","POCONÉ","-16°14'50.820''","-56°39'29.740''","Sul do Equador"
391,"MT","NOSSA SENHORA DO LIVRAMENTO","-15°40'10.880''","-56°21'02.620''","Sul do Equador"
392,"MT","CUIABÁ","-15°55'10.660''","-56°26'50.047''","Sul do Equador"
393,"MG","CUIABÁ","-15°29'31.338''","-55°56'20.832''","Sul do Equador"
394,"MT","POCONÉ","-16°15'55.780''","-56°35'23.530''","Sul do Equador"
395,"MG","MAIQUINIQUE","-15°47'18.000''","-40°19'23.000''","Sul do Equador"
396,"MG","NOSSA SENHORA DO LIVRAMENTO","-15°48'34.490''","-56°09'49.820''","Sul do Equador"
397,"MG","NOSSA SENHORA DO LIVRAMENTO","-15°47'35.720''","-56°10'54.330''","Sul do Equador"
398,"PA","NOSSA SENHORA DO LIVRAMENTO","-15°41'40.850''","-56°22'07.000''","Sul do Equador"
399,"MT","PONTES E LACERDA","-15°18'16.170''","-59°25'24.390''","Sul do Equador"
400,"MT","NOSSA SENHORA DO LIVRAMENTO","-15°41'31.710''","-56°21'38.040''","Sul do Equador"
401,"MG","CUIABÁ","-15°30'14.430''","-56°01'14.430''","Sul do Equador"
402,"SP","SARZEDO","-20°05'24.190''","-44°06'42.560''","Sul do Equador"
403,"MT","NOSSA SENHORA DO LIVRAMENTO","-15°56'07.460''","-56°28'04.490''","Sul do Equador"
404,"GO","ITABIRITO","-20°16'07.500''","-43°53'35.800''","Sul do Equador"
405,"PA","SANTA BÁRBARA","-19°58'01.020''","-43°28'30.140''","Sul do Equador"
406,"PA","SANTA BÁRBARA","-20°00'23.820''","-43°30'24.360''","Sul do Equador"
407,"PA","PARAUAPEBAS","-06°28'44.522''","-51°03'41.313''","Sul do Equador"
408,"PA","POCONÉ","-16°16'55.770''","-56°37'02.010''","Sul do Equador"
409,"GO","NOSSA SENHORA DO LIVRAMENTO","-15°46'18.860''","-56°22'33.070''","Sul do Equador"
410,"BA","SABARÁ","-19°49'07.700''","-43°42'38.840''","Sul do Equador"
411,"BA","ANALÂNDIA","-22°09'02.400''","-47°38'33.000''","Sul do Equador"
412,"GO","POCONÉ","-16°05'14.180''","-56°33'35.540''","Sul do Equador"
413,"MG","NIQUELÂNDIA","-14°31'34.860''","-48°27'38.670''","Sul do Equador"
414,"GO","PARAUAPEBAS","-06°26'43.403''","-51°04'35.378''","Sul do Equador"
415,"PA","ORIXIMINÁ","-01°40'10.484''","-56°29'50.159''","Sul do Equador"
416,"AP","ORIXIMINÁ","-01°40'08.381''","-56°30'08.511''","Sul do Equador"
417,"MT","ORIXIMINÁ","-01°40'24.409''","-56°30'00.188''","Sul do Equador"
418,"MT","NIQUELÂNDIA","-14°28'42.770''","-48°15'32.180''","Sul do Equador"
419,"RS","CAETITÉ","-13°49'42.200''","-42°17'16.050''","Sul do Equador"
420,"MT","CAETITÉ","-13°49'46.820''","-42°17'14.530''","Sul do Equador"
421,"MT","OUVIDOR","-18°09'02.030''","-47°46'21.842''","Sul do Equador"
422,"SP","TAPIRA","-19°52'26.380''","-46°48'10.910''","Sul do Equador"
423,"MT","CRIXÁS","-14°35'09.650''","-49°56'27.010''","Sul do Equador"
424,"RS","PARAUAPEBAS","-06°03'24.673''","-50°08'37.608''","Sul do Equador"
425,"MT","MAZAGÃO","00°24'06.026''","-51°45'28.112''","Norte do Equador"
426,"GO","PONTES E LACERDA","-15°07'56.600''","-59°22'39.100''","Sul do Equador"
427,"MT","PONTES E LACERDA","-15°08'22.320''","-59°21'30.660''","Sul do Equador"
428,"SP","SANTO ANTÔNIO DA PATRULHA","-29°54'49.090''","-50°28'39.440''","Sul do Equador"
429,"MG","POCONÉ","-16°16'57.370''","-56°37'18.480''","Sul do Equador"
430,"MT","POCONÉ","-16°05'49.260''","-56°33'53.430''","Sul do Equador"
431,"GO","SÃO BERNARDO DO CAMPO","-23°53'21.426''","-46°34'50.451''","Sul do Equador"
432,"MT","NOSSA SENHORA DO LIVRAMENTO","-15°27'22.999''","-56°27'20.075''","Sul do Equador"
433,"MT","MINAS DO LEÃO","-30°07'51.700''","-52°03'07.000''","Sul do Equador"
434,"MT","PONTES E LACERDA","-15°24'52.170''","-59°20'45.570''","Sul do Equador"
435,"MG","NIQUELÂNDIA","-14°28'39.040''","-48°15'33.030''","Sul do Equador"
436,"MT","NOSSA SENHORA DO LIVRAMENTO","-15°53'29.930''","-56°11'06.660''","Sul do Equador"
437,"MS","SANTA ISABEL","-23°21'21.000''","-46°16'59.400''","Sul do Equador"
438,"MT","ITAPECERICA","-20°26'39.200''","-45°08'00.700''","Sul do Equador"
439,"SP","POCONÉ","-16°16'46.881''","-56°38'50.914''","Sul do Equador"
440,"MG","PILAR DE GOIÁS","-14°48'36.600''","-49°32'26.400''","Sul do Equador"
441,"MG","POCONÉ","-16°02'16.340''","-56°32'27.730''","Sul do Equador"
442,"MG","POCONÉ","-16°14'47.650''","-56°39'23.880''","Sul do Equador"
443,"MG","NOSSA SENHORA DO LIVRAMENTO","-15°52'39.450''","-56°26'13.720''","Sul do Equador"
444,"SP","SABARÁ","-19°49'00.555''","-43°41'34.410''","Sul do Equador"
445,"SP","NOSSA SENHORA DO LIVRAMENTO","-16°00'22.730''","-56°20'08.660''","Sul do Equador"
446,"AP","CORUMBÁ","-19°12'19.900''","-57°38'07.100''","Sul do Equador"
447,"AP","CORUMBATAÍ","-22°11'31.500''","-47°33'05.500''","Sul do Equador"
448,"AP","JURUENA","-10°24'53.008''","-58°27'02.270''","Sul do Equador"
449,"AP","MOGI DAS CRUZES","-23°29'47.900''","-46°14'50.400''","Sul do Equador"
450,"AP","BRUMADINHO","-20°07'22.700''","-44°18'45.300''","Sul do Equador"
451,"AP","BRUMADINHO","-20°07'37.171''","-44°18'57.999''","Sul do Equador"
452,"MT","BRUMADINHO","-20°07'09.700''","-44°18'57.400''","Sul do Equador"
453,"MT","BRUMADINHO","-20°07'03.300''","-44°19'01.900''","Sul do Equador"
454,"MG","ALAMBARI","-23°34'45.440''","-47°49'46.750''","Sul do Equador"
455,"MT","ALAMBARI","-23°34'52.750''","-47°49'51.930''","Sul do Equador"
456,"MT","SERRA DO NAVIO","00°52'57.300''","-52°00'23.700''","Norte do Equador"
457,"MT","SERRA DO NAVIO","00°52'25.600''","-51°59'53.600''","Norte do Equador"
458,"MT","SERRA DO NAVIO","00°52'56.900''","-52°00'08.800''","Norte do Equador"
459,"SP","SERRA DO NAVIO","00°52'39.900''","-51°59'06.900''","Norte do Equador"
460,"MG","SERRA DO NAVIO","00°52'44.200''","-51°59'32.900''","Norte do Equador"
461,"MG","SERRA DO NAVIO","00°52'41.400''","-52°00'25.200''","Norte do Equador"
462,"MG","POCONÉ","-16°01'38.220''","-56°31'06.500''","Sul do Equador"
463,"SP","NOSSA SENHORA DO LIVRAMENTO","-15°39'42.780''","-56°20'05.030''","Sul do Equador"
464,"SP","OURO PRETO","-20°25'55.230''","-43°40'27.770''","Sul do Equador"
465,"MG","NOSSA SENHORA DO LIVRAMENTO","-15°51'58.910''","-56°09'04.010''","Sul do Equador"
466,"MG","POCONÉ","-16°06'55.530''","-56°35'37.270''","Sul do Equador"
467,"MG","PONTES E LACERDA","-15°22'51.160''","-59°15'29.540''","Sul do Equador"
468,"MG","NOVA LACERDA","-14°37'09.680''","-59°44'32.220''","Sul do Equador"
469,"MG","MOGI DAS CRUZES","-23°37'20.002''","-46°14'54.844''","Sul do Equador"
470,"MG","ARAXÁ","-19°39'25.200''","-46°56'24.650''","Sul do Equador"
471,"MG","BRUMADINHO","-20°03'53.300''","-44°01'45.200''","Sul do Equador"
472,"MG","BRUMADINHO","-20°03'58.700''","-44°01'37.900''","Sul do Equador"
473,"MG","SÃO SIMÃO","-21°25'58.030''","-47°36'47.670''","Sul do Equador"
474,"MG","SÃO SIMÃO","-21°25'49.220''","-47°36'47.000''","Sul do Equador"
475,"MG","NOVA LIMA","-19°57'36.000''","-43°52'58.000''","Sul do Equador"
476,"GO","OURO PRETO","-20°17'25.615''","-43°29'25.900''","Sul do Equador"
477,"GO","SÃO TIAGO","-21°04'21.600''","-44°35'18.540''","Sul do Equador"
478,"GO","MIRAÍ","-21°12'41.671''","-42°42'53.751''","Sul do Equador"
479,"GO","CONCEIÇÃO DO MATO DENTRO","-18°51'40.980''","-43°24'14.390''","Sul do Equador"
480,"GO","MERCÊS","-21°07'57.271''","-43°21'01.241''","Sul do Equador"
481,"AM","CONCEIÇÃO DO MATO DENTRO","-18°53'23.000''","-43°24'19.000''","Sul do Equador"
482,"AM","CONCEIÇÃO DO MATO DENTRO","-18°55'54.000''","-43°24'06.000''","Sul do Equador"
483,"AM","CONCEIÇÃO DO MATO DENTRO","-18°55'68.000''","-43°24'04.290''","Sul do Equador"
484,"AM","SANTO ANTÔNIO DO GRAMA","-20°20'41.300''","-42°33'42.800''","Sul do Equador"
485,"AM","CONCEIÇÃO DO MATO DENTRO","-18°55'14.984''","-43°24'23.663''","Sul do Equador"
486,"AM","OUVIDOR","-18°09'45.000''","-47°50'43.500''","Sul do Equador"
487,"AM","OUVIDOR","-18°08'53.000''","-47°48'11.000''","Sul do Equador"
488,"AM","OUVIDOR","-18°09'07.693''","-47°48'20.401''","Sul do Equador"
489,"MG","OUVIDOR","-18°08'40.000''","-47°48'22.000''","Sul do Equador"
490,"PA","OUVIDOR","-18°08'30.000''","-47°48'41.000''","Sul do Equador"
491,"PA","PRESIDENTE FIGUEIREDO","-00°44'00.100''","-60°08'18.200''","Sul do Equador"
492,"PA","PRESIDENTE FIGUEIREDO","-00°47'08.600''","-60°08'30.900''","Sul do Equador"
493,"PA","PRESIDENTE FIGUEIREDO","-00°47'22.800''","-60°08'39.400''","Sul do Equador"
494,"PA","PRESIDENTE FIGUEIREDO","-00°44'16.900''","-60°04'44.100''","Sul do Equador"
495,"PA","PRESIDENTE FIGUEIREDO","-00°43'56.233''","-60°04'08.396''","Sul do Equador"
496,"PA","PRESIDENTE FIGUEIREDO","-00°44'18.326''","-60°04'33.114''","Sul do Equador"
497,"MG","PRESIDENTE FIGUEIREDO","-00°45'23.673''","-60°05'16.904''","Sul do Equador"
498,"BA","PRESIDENTE FIGUEIREDO","-00°47'07.300''","-60°11'36.280''","Sul do Equador"
499,"MG","RIACHO DOS MACHADOS","-16°03'16.560''","-43°06'50.630''","Sul do Equador"
500,"MG","JURUTI","-02°30'18.000''","-56°10'32.800''","Sul do Equador"
501,"PR","JURUTI","-02°29'02.500''","-56°12'06.600''","Sul do Equador"
502,"PA","JURUTI","-02°29'13.000''","-56°10'23.000''","Sul do Equador"
503,"PA","JURUTI","-02°29'45.200''","-56°11'16.840''","Sul do Equador"
504,"PA","JURUTI","-02°29'47.800''","-56°10'25.700''","Sul do Equador"
505,"PA","JURUTI","-02°30'02.500''","-56°10'00.500''","Sul do Equador"
506,"PA","JURUTI","-02°29'10.500''","-56°11'45.600''","Sul do Equador"
507,"MG","ITABIRITO","-20°15'37.580''","-43°55'36.390''","Sul do Equador"
508,"MG","JAGUARARI","-09°50'08.630''","-39°49'28.160''","Sul do Equador"
509,"MT","ITATIAIUÇU","-20°08'18.330''","-44°23'11.710''","Sul do Equador"
510,"MG","ITATIAIUÇU","-20°08'19.320''","-44°22'48.680''","Sul do Equador"
511,"MG","CAMPO LARGO","-25°22'13.821''","-49°41'27.099''","Sul do Equador"
512,"MG","MARABÁ","-05°46'40.800''","-50°31'22.500''","Sul do Equador"
513,"MG","MARABÁ","-05°49'24.000''","-50°29'27.000''","Sul do Equador"
514,"MG","MARABÁ","-05°49'02.136''","-50°34'01.808''","Sul do Equador"
515,"MG","MARABÁ","-05°46'45.984''","-50°32'17.016''","Sul do Equador"
516,"SP","MARABÁ","-05°49'57.400''","-50°32'28.000''","Sul do Equador"
517,"SP","ITAÚNA","-20°08'51.941''","-44°27'36.371''","Sul do Equador"
518,"BA","ITAÚNA","-20°08'54.160''","-44°27'35.942''","Sul do Equador"
519,"BA","PONTES E LACERDA","-15°25'07.890''","-59°20'50.610''","Sul do Equador"
520,"MA","CALDAS","-21°57'58.000''","-46°30'40.000''","Sul do Equador"
521,"MA","CALDAS","-21°58'14.740''","-46°29'38.080''","Sul do Equador"
522,"BA","CALDAS","-21°56'24.914''","-46°29'20.828''","Sul do Equador"
523,"BA","ARCOS","-20°18'59.620''","-45°34'59.380''","Sul do Equador"
524,"BA","ARCOS","-20°18'48.380''","-45°34'38.840''","Sul do Equador"
525,"PA","ITATIAIUÇU","-20°08'15.300''","-44°23'46.200''","Sul do Equador"
526,"PA","MOGI DAS CRUZES","-23°29'49.800''","-46°14'38.000''","Sul do Equador"
527,"MG","SÃO PAULO","-23°24'34.400''","-46°43'52.400''","Sul do Equador"
528,"MG","SANTALUZ","-11°00'13.100''","-39°18'03.000''","Sul do Equador"
529,"MG","SANTALUZ","-11°00'12.400''","-39°17'13.300''","Sul do Equador"
530,"MG","GODOFREDO VIANA","-01°18'34.536''","-45°46'03.956''","Sul do Equador"
531,"MG","GODOFREDO VIANA","-01°18'04.800''","-45°45'40.700''","Sul do Equador"
532,"MG","BARROCAS","-11°26'58.800''","-39°05'22.800''","Sul do Equador"
533,"MG","BARROCAS","-11°26'49.682''","-39°04'16.305''","Sul do Equador"
534,"MG","BARROCAS","-11°26'53.000''","-39°05'53.000''","Sul do Equador"
535,"MG","ITAITUBA","-06°19'30.340''","-55°47'10.880''","Sul do Equador"
536,"MG","ITAITUBA","-06°19'30.300''","-55°47'04.200''","Sul do Equador"
537,"MG","ITABIRITO","-20°18'06.730''","-43°55'22.890''","Sul do Equador"
538,"MG","SERRA DO SALITRE","-19°02'52.200''","-46°43'26.400''","Sul do Equador"
539,"MG","SABARÁ","-19°51'25.900''","-43°48'16.300''","Sul do Equador"
540,"MG","BARÃO DE COCAIS","-19°58'32.614''","-43°36'02.511''","Sul do Equador"
541,"TO","BARÃO DE COCAIS","-19°58'12.632''","-43°35'48.721''","Sul do Equador"
542,"MT","MARIANA","-20°10'33.845''","-43°29'14.340''","Sul do Equador"
543,"MT","MARIANA","-20°08'21.443''","-43°24'44.399''","Sul do Equador"
544,"MT","CATAS ALTAS","-20°06'19.708''","-43°24'15.056''","Sul do Equador"
545,"MT","MARIANA","-20°09'58.822''","-43°29'03.449''","Sul do Equador"
546,"MG","OURO PRETO","-20°16'13.852''","-43°29'46.447''","Sul do Equador"
547,"MG","SANTA BÁRBARA","-20°10'24.600''","-43°36'55.100''","Sul do Equador"
548,"MG","MARIANA","-20°09'33.507''","-43°28'09.519''","Sul do Equador"
549,"MG","MARIANA","-20°11'04.315''","-43°26'15.409''","Sul do Equador"
550,"MG","MARIANA","-20°12'26.903''","-43°27'15.839''","Sul do Equador"
551,"MG","ALMAS","-11°43'07.021''","-47°11'20.407''","Sul do Equador"
552,"MG","NOSSA SENHORA DO LIVRAMENTO","-16°08'21.600''","-56°23'45.600''","Sul do Equador"
553,"MG","NOSSA SENHORA DO LIVRAMENTO","-16°09'47.960''","-56°24'57.190''","Sul do Equador"
554,"PA","NOSSA SENHORA DO LIVRAMENTO","-16°11'23.770''","-56°24'44.940''","Sul do Equador"
555,"MT","NOSSA SENHORA DO LIVRAMENTO","-16°11'03.320''","-56°26'06.040''","Sul do Equador"
556,"MS","NOVA LIMA","-19°58'37.512''","-43°53'34.810''","Sul do Equador"
557,"MT","NOVA LIMA","-19°57'56.000''","-43°53'07.000''","Sul do Equador"
558,"MS","NOVA LIMA","-19°58'02.514''","-43°52'58.725''","Sul do Equador"
559,"MT","BRUMADINHO","-20°06'29.782''","-44°04'25.204''","Sul do Equador"
560,"MT","BRUMADINHO","-20°07'10.700''","-44°08'21.200''","Sul do Equador"
561,"MT","BRUMADINHO","-20°07'41.100''","-44°08'17.800''","Sul do Equador"
562,"MT","BRUMADINHO","-20°07'08.600''","-44°07'27.900''","Sul do Equador"
563,"MT","BRUMADINHO","-20°06'15.400''","-44°07'10.800''","Sul do Equador"
564,"MT","CANAÃ DOS CARAJÁS","-06°25'44.792''","-50°04'12.554''","Sul do Equador"
565,"MG","POCONÉ","-16°15'18.000''","-56°36'55.000''","Sul do Equador"
566,"MT","CORUMBÁ","-19°15'55.000''","-57°31'35.800''","Sul do Equador"
567,"MG","POCONÉ","-16°15'19.170''","-56°36'25.500''","Sul do Equador"
568,"MT","CORUMBÁ","-19°15'45.700''","-57°31'37.400''","Sul do Equador"
569,"MG","POCONÉ","-16°03'00.910''","-56°32'53.790''","Sul do Equador"
570,"MT","NOSSA SENHORA DO LIVRAMENTO","-15°46'29.100''","-56°17'08.600''","Sul do Equador"
571,"MG","POCONÉ","-16°13'57.370''","-56°36'25.111''","Sul do Equador"
572,"MT","POCONÉ","-16°06'39.080''","-56°34'26.280''","Sul do Equador"
573,"MG","POCONÉ","-16°17'32.640''","-56°39'02.720''","Sul do Equador"
574,"MT","POCONÉ","-16°02'16.500''","-56°32'15.500''","Sul do Equador"
575,"MG","ITATIAIUÇU","-20°10'22.518''","-44°26'54.771''","Sul do Equador"
576,"MG","NOSSA SENHORA DO LIVRAMENTO","-15°39'22.881''","-56°20'16.227''","Sul do Equador"
577,"MG","ITATIAIUÇU","-20°10'15.500''","-44°27'16.500''","Sul do Equador"
578,"MG","POCONÉ","-16°15'02.200''","-56°35'56.900''","Sul do Equador"
579,"MG","SÃO GONÇALO DO RIO ABAIXO","-19°52'43.139''","-43°22'41.690''","Sul do Equador"
580,"MG","POCONÉ","-16°14'45.290''","-56°35'19.550''","Sul do Equador"
581,"MT","SÃO GONÇALO DO RIO ABAIXO","-19°52'29.203''","-43°22'47.022''","Sul do Equador"
582,"MT","POCONÉ","-16°14'47.150''","-56°35'15.890''","Sul do Equador"
583,"PA","SÃO GONÇALO DO RIO ABAIXO","-19°51'50.917''","-43°21'21.130''","Sul do Equador"
584,"PA","PONTES E LACERDA","-15°14'53.357''","-59°17'34.245''","Sul do Equador"
585,"PA","BARÃO DE COCAIS","-19°51'04.850''","-43°24'49.570''","Sul do Equador"
586,"MT","SÃO GONÇALO DO RIO ABAIXO","-19°53'02.310''","-43°23'08.448''","Sul do Equador"
587,"MT","SANTA BÁRBARA","-19°57'33.180''","-43°14'20.000''","Sul do Equador"
588,"PA","RIO PIRACICABA","-19°55'47.792''","-43°11'46.298''","Sul do Equador"
589,"MT","SANTA BÁRBARA","-19°57'49.103''","-43°14'16.323''","Sul do Equador"
590,"PA","RIO PIRACICABA","-19°55'56.851''","-43°12'33.168''","Sul do Equador"
591,"MT","POCONÉ","-16°15'37.000''","-56°35'44.000''","Sul do Equador"
592,"MT","POCONÉ","-16°15'31.000''","-56°35'47.000''","Sul do Equador"
593,"PA","PARAUAPEBAS","-06°05'58.000''","-50°09'45.000''","Sul do Equador"
594,"MT","PARAUAPEBAS","-06°02'48.556''","-50°08'34.509''","Sul do Equador"
595,"BA","PARAUAPEBAS","-06°06'29.300''","-50°10'08.600''","Sul do Equador"
596,"BA","POCONÉ","-16°15'19.650''","-56°40'16.680''","Sul do Equador"
597,"PA","POCONÉ","-16°15'23.890''","-56°40'10.530''","Sul do Equador"
598,"MG","PARAUAPEBAS","-05°59'41.256''","-50°06'34.134''","Sul do Equador"
599,"MT","POCONÉ","-16°18'18.490''","-56°43'14.198''","Sul do Equador"
600,"MG","PARAUAPEBAS","-06°04'41.300''","-50°17'29.300''","Sul do Equador"
601,"MG","POCONÉ","-16°17'42.550''","-56°43'32.220''","Sul do Equador"
602,"MG","POCONÉ","-16°17'26.700''","-56°42'43.100''","Sul do Equador"
603,"MG","PARAUAPEBAS","-06°06'45.823''","-50°18'30.921''","Sul do Equador"
604,"MG","POCONÉ","-16°18'30.700''","-56°44'57.670''","Sul do Equador"
605,"MG","JACOBINA","-11°14'06.400''","-40°31'44.700''","Sul do Equador"
606,"PA","JACOBINA","-11°14'37.100''","-40°31'32.700''","Sul do Equador"
607,"MG","PARAUAPEBAS","-05°58'45.400''","-50°08'29.100''","Sul do Equador"
608,"MG","NOVA LIMA","-20°01'34.413''","-43°56'33.225''","Sul do Equador"
609,"MG","POCONÉ","-16°03'58.900''","-56°33'50.270''","Sul do Equador"
610,"MG","CONGONHAS","-20°25'33.600''","-43°53'09.500''","Sul do Equador"
611,"MG","CONGONHAS","-20°26'24.500''","-43°54'18.500''","Sul do Equador"
612,"MG","CONGONHAS","-20°25'33.000''","-43°53'30.400''","Sul do Equador"
613,"MG","CONGONHAS","-20°26'02.500''","-43°52'56.400''","Sul do Equador"
614,"MG","OURO PRETO","-20°24'21.800''","-43°51'20.600''","Sul do Equador"
615,"MG","OURO PRETO","-20°24'29.800''","-43°51'06.500''","Sul do Equador"
616,"MG","ITAITUBA","-06°47'20.006''","-56°36'29.199''","Sul do Equador"
617,"MG","BELO VALE","-20°25'31.000''","-43°55'40.300''","Sul do Equador"
618,"MG","BELO VALE","-20°26'02.200''","-43°55'53.600''","Sul do Equador"
619,"MG","NOVA LIMA","-20°07'27.900''","-43°55'30.800''","Sul do Equador"
620,"MG","NOVA LIMA","-20°04'07.200''","-43°55'50.100''","Sul do Equador"
621,"MG","ITABIRITO","-20°11'47.700''","-43°52'01.500''","Sul do Equador"
622,"MG","ITABIRITO","-20°11'50.075''","-43°52'44.829''","Sul do Equador"
623,"MT","ITABIRITO","-20°12'40.649''","-43°52'54.287''","Sul do Equador"
624,"GO","NOVA LIMA","-20°07'47.600''","-43°55'32.500''","Sul do Equador"
625,"MT","NOVA LIMA","-20°09'10.400''","-43°53'18.300''","Sul do Equador"
626,"MT","NOVA LIMA","-20°09'20.500''","-43°53'13.600''","Sul do Equador"
627,"MG","ITABIRITO","-20°13'29.700''","-43°52'23.600''","Sul do Equador"
628,"MG","OURO PRETO","-20°26'50.670''","-43°38'37.760''","Sul do Equador"
629,"MG","ITABIRITO","-20°12'51.900''","-43°53'30.100''","Sul do Equador"
630,"MG","ITABIRITO","-20°13'15.096''","-43°54'30.082''","Sul do Equador"
631,"MG","NOVA LIMA","-20°06'38.215''","-43°57'49.011''","Sul do Equador"
632,"MG","NOVA LIMA","-20°10'54.700''","-43°52'01.200''","Sul do Equador"
633,"MT","NOSSA SENHORA DO LIVRAMENTO","-15°57'18.100''","-56°16'32.240''","Sul do Equador"
634,"PA","ALTO HORIZONTE","-14°12'21.000''","-49°24'22.200''","Sul do Equador"
635,"PA","POCONÉ","-16°18'45.010''","-56°39'08.230''","Sul do Equador"
636,"PA","POCONÉ","-16°03'46.540''","-56°33'42.940''","Sul do Equador"
637,"PA","OURO PRETO","-20°24'44.114''","-43°52'43.867''","Sul do Equador"
638,"MT","JECEABA","-20°33'45.400''","-43°57'03.100''","Sul do Equador"
639,"MG","OURO PRETO","-20°24'07.940''","-43°51'06.710''","Sul do Equador"
640,"MG","OURO PRETO","-20°23'41.200''","-43°51'05.600''","Sul do Equador"
641,"MG","OURO PRETO","-20°23'41.928''","-43°50'23.063''","Sul do Equador"
642,"MG","OURO PRETO","-20°24'53.200''","-43°51'54.500''","Sul do Equador"
643,"MG","OURO PRETO","-20°24'39.300''","-43°50'11.800''","Sul do Equador"
644,"MG","POCONÉ","-16°14'43.410''","-56°36'26.530''","Sul do Equador"
645,"MG","ITAITUBA","-06°21'58.030''","-56°16'04.000''","Sul do Equador"
646,"MG","ITAITUBA","-06°22'05.490''","-56°16'06.210''","Sul do Equador"
647,"MT","ITAITUBA","-06°21'39.010''","-56°16'01.590''","Sul do Equador"
648,"MT","CURIONÓPOLIS","-06°14'10.040''","-49°45'59.230''","Sul do Equador"
649,"MG","NOSSA SENHORA DO LIVRAMENTO","-16°00'21.090''","-56°13'45.280''","Sul do Equador"
650,"MT","SANTA BÁRBARA","-19°56'53.400''","-43°13'19.340''","Sul do Equador"
651,"MT","RIO PIRACICABA","-19°55'36.850''","-43°12'45.840''","Sul do Equador"
652,"MG","BARÃO DE COCAIS","-19°50'54.032''","-43°25'18.194''","Sul do Equador"
653,"MT","OURO PRETO","-20°11'35.310''","-43°30'30.600''","Sul do Equador"
654,"BA","MARIANA","-20°12'59.400''","-43°28'04.600''","Sul do Equador"
655,"MT","MARIANA","-20°11'18.042''","-43°29'52.393''","Sul do Equador"
656,"MT","MARIANA","-20°12'37.720''","-43°27'36.410''","Sul do Equador"
657,"MT","MARIANA","-20°13'52.750''","-43°26'30.540''","Sul do Equador"
658,"MT","MARIANA","-20°11'41.300''","-43°29'35.100''","Sul do Equador"
659,"MT","CUIABÁ","-15°33'36.600''","-55°47'33.600''","Sul do Equador"
660,"MG","NOSSA SENHORA DO LIVRAMENTO","-15°53'44.100''","-56°11'07.400''","Sul do Equador"
661,"MG","MARIANA","-20°14'28.600''","-43°24'39.193''","Sul do Equador"
662,"RN","NOSSA SENHORA DO LIVRAMENTO","-15°57'26.000''","-56°28'52.640''","Sul do Equador"
663,"BA","NOSSA SENHORA DO LIVRAMENTO","-15°57'37.670''","-56°28'41.780''","Sul do Equador"
664,"BA","SÃO TIAGO","-21°05'02.170''","-44°34'36.666''","Sul do Equador"
665,"MG","RIO BRANCO","-15°23'46.300''","-58°08'42.900''","Sul do Equador"
666,"MG","ITAGIBÁ","-14°11'20.792''","-39°41'49.707''","Sul do Equador"
667,"MG","CUIABÁ","-15°33'52.030''","-55°49'18.420''","Sul do Equador"
668,"MG","PONTES E LACERDA","-15°20'50.445''","-59°15'24.414''","Sul do Equador"
669,"MG","VILA BELA DA SANTÍSSIMA TRINDADE","-14°50'09.557''","-59°40'08.728''","Sul do Equador"
670,"SC","VILA BELA DA SANTÍSSIMA TRINDADE","-14°51'08.697''","-59°39'16.087''","Sul do Equador"
671,"MG","VILA BELA DA SANTÍSSIMA TRINDADE","-14°50'57.620''","-59°39'29.210''","Sul do Equador"
672,"SC","MARIANA","-20°14'09.149''","-43°25'22.771''","Sul do Equador"
673,"MG","MATIPÓ","-20°22'19.041''","-42°21'17.308''","Sul do Equador"
674,"SC","CURRAIS NOVOS","-06°12'07.495''","-36°17'59.078''","Sul do Equador"
675,"MG","CAMPO FORMOSO","-10°32'44.200''","-40°25'30.700''","Sul do Equador"
676,"SC","CAMPO FORMOSO","-10°32'42.000''","-40°24'52.400''","Sul do Equador"
677,"MG","NOVA LIMA","-20°03'29.700''","-43°57'50.700''","Sul do Equador"
678,"MG","NOVA LIMA","-20°03'40.100''","-43°57'40.800''","Sul do Equador"
679,"MG","NOVA LIMA","-20°02'21.600''","-43°55'44.900''","Sul do Equador"
680,"MG","ITABIRA","-19°34'28.232''","-43°14'46.628''","Sul do Equador"
681,"MG","ITABIRA","-19°34'32.225''","-43°12'17.125''","Sul do Equador"
682,"MG","TREVISO","-28°29'31.600''","-49°27'37.000''","Sul do Equador"
683,"MG","ITABIRA","-19°34'21.721''","-43°11'51.131''","Sul do Equador"
684,"SP","TREVISO","-28°29'38.900''","-49°27'36.100''","Sul do Equador"
685,"SP","ITABIRA","-19°38'51.300''","-43°16'26.900''","Sul do Equador"
686,"SP","TREVISO","-28°28'59.020''","-49°27'04.040''","Sul do Equador"
687,"SP","ITABIRA","-19°41'07.300''","-43°17'10.400''","Sul do Equador"
688,"MG","TREVISO","-28°28'56.790''","-49°27'04.780''","Sul do Equador"
689,"MG","ITABIRA","-19°34'13.730''","-43°13'53.604''","Sul do Equador"
690,"MG","ITABIRA","-19°33'48.506''","-43°12'22.618''","Sul do Equador"
691,"MG","ITABIRA","-19°33'18.339''","-43°09'39.105''","Sul do Equador"
692,"SC","ITABIRA","-19°36'45.017''","-43°16'00.408''","Sul do Equador"
693,"SC","OURO PRETO","-20°24'08.254''","-43°32'10.773''","Sul do Equador"
694,"MG","ITABIRA","-19°38'44.132''","-43°14'32.010''","Sul do Equador"
695,"MG","ITABIRA","-19°37'31.668''","-43°10'58.597''","Sul do Equador"
696,"SC","SANTANA DE PARNAÍBA","-23°24'03.560''","-46°55'05.690''","Sul do Equador"
697,"MG","CAJATI","-24°41'59.520''","-48°06'46.666''","Sul do Equador"
698,"PR","CAJATI","-24°41'35.000''","-48°07'13.000''","Sul do Equador"
699,"MG","CAJATI","-24°43'07.480''","-48°05'43.710''","Sul do Equador"
700,"PR","ARAXÁ","-19°38'59.000''","-46°56'46.000''","Sul do Equador"
701,"MG","ARAXÁ","-19°36'39.006''","-47°01'45.717''","Sul do Equador"
702,"MG","ITAMARATI DE MINAS","-21°27'18.809''","-42°52'17.972''","Sul do Equador"
703,"MG","MIRAÍ","-21°03'43.757''","-42°33'49.546''","Sul do Equador"
704,"MG","LAURO MÜLLER","-28°24'31.750''","-49°25'42.520''","Sul do Equador"
705,"MG","LAURO MÜLLER","-28°24'34.600''","-49°25'39.900''","Sul do Equador"
706,"MG","CAETÉ","-19°56'05.733''","-43°38'56.601''","Sul do Equador"
707,"MG","CONCEIÇÃO DO PARÁ","-19°44'45.800''","-44°52'27.900''","Sul do Equador"
708,"MG","SIDERÓPOLIS","-28°35'12.667''","-49°26'35.575''","Sul do Equador"
709,"MG","ARAXÁ","-19°38'01.000''","-46°59'47.000''","Sul do Equador"
710,"MG","CERRO AZUL","-24°44'54.630''","-49°11'16.070''","Sul do Equador"
711,"GO","ARAXÁ","-19°36'39.621''","-47°00'46.252''","Sul do Equador"
712,"GO","CERRO AZUL","-24°44'52.790''","-49°11'40.930''","Sul do Equador"
713,"SE","ARAXÁ","-19°39'00.734''","-46°57'08.359''","Sul do Equador"
714,"SE","ARAXÁ","-19°39'15.000''","-46°57'11.000''","Sul do Equador"
715,"MG","ARAXÁ","-19°37'01.000''","-47°01'16.000''","Sul do Equador"
716,"MG","ARAXÁ","-19°38'28.870''","-46°58'25.859''","Sul do Equador"
717,"MG","TAPIRA","-19°49'23.900''","-46°52'05.900''","Sul do Equador"
718,"MT","TAPIRA","-19°50'14.100''","-46°50'14.500''","Sul do Equador"
719,"MG","TAPIRA","-19°49'15.700''","-46°50'30.500''","Sul do Equador"
720,"MS","TAPIRA","-19°50'32.900''","-46°51'51.300''","Sul do Equador"
721,"AL","TAPIRA","-19°47'19.900''","-46°52'44.000''","Sul do Equador"
722,"MG","TAPIRA","-19°50'18.600''","-46°49'58.000''","Sul do Equador"
723,"MG","CATALÃO","-18°06'45.300''","-47°47'04.100''","Sul do Equador"
724,"MG","CATALÃO","-18°06'19.130''","-47°46'47.160''","Sul do Equador"
725,"MG","ROSÁRIO DO CATETE","-10°39'28.200''","-37°01'47.400''","Sul do Equador"
726,"MG","ROSÁRIO DO CATETE","-10°39'26.400''","-37°01'52.800''","Sul do Equador"
727,"MG","NOVA LIMA","-20°09'09.800''","-43°57'55.600''","Sul do Equador"
728,"MT","NOVA LIMA","-20°08'59.100''","-43°57'52.500''","Sul do Equador"
729,"MG","BRUMADINHO","-20°09'42.700''","-44°00'22.400''","Sul do Equador"
730,"MT","CUIABÁ","-15°32'02.460''","-56°03'02.290''","Sul do Equador"
731,"MG","SARZEDO","-20°05'23.640''","-44°06'01.760''","Sul do Equador"
732,"MT","CORUMBÁ","-19°13'28.008''","-57°33'35.925''","Sul do Equador"
733,"MG","CRAÍBAS","-09°40'20.100''","-36°46'23.700''","Sul do Equador"
734,"MT","PARACATU","-17°08'46.200''","-46°54'07.800''","Sul do Equador"
735,"MG","PARACATU","-17°08'46.800''","-46°51'22.800''","Sul do Equador"
736,"MT","PARACATU","-17°10'27.000''","-46°52'45.000''","Sul do Equador"
737,"PA","PARACATU","-17°10'31.800''","-46°53'16.200''","Sul do Equador"
738,"PA","PARACATU","-17°10'20.400''","-46°53'00.000''","Sul do Equador"
739,"PA","PARACATU","-17°10'56.400''","-46°53'55.800''","Sul do Equador"
740,"PA","NOSSA SENHORA DO LIVRAMENTO","-15°39'42.790''","-56°20'38.590''","Sul do Equador"
741,"PA","ITABIRA","-19°40'27.200''","-43°14'11.100''","Sul do Equador"
742,"PA","NOSSA SENHORA DO LIVRAMENTO","-15°39'49.845''","-56°21'09.410''","Sul do Equador"
743,"PA","ITABIRA","-19°36'33.516''","-43°15'48.177''","Sul do Equador"
744,"PA","NOSSA SENHORA DO LIVRAMENTO","-15°39'35.190''","-56°21'14.530''","Sul do Equador"
745,"PA","ITABIRA","-19°38'26.316''","-43°14'29.320''","Sul do Equador"
746,"PA","CUIABÁ","-15°39'53.710''","-56°21'01.810''","Sul do Equador"
747,"PA","ITABIRA","-19°36'26.409''","-43°15'26.118''","Sul do Equador"
748,"PA","NOSSA SENHORA DO LIVRAMENTO","-15°50'39.910''","-56°18'39.720''","Sul do Equador"
749,"PA","BARCARENA","-01°34'24.398''","-48°45'10.378''","Sul do Equador"
750,"MT","BARCARENA","-01°34'27.000''","-48°45'01.800''","Sul do Equador"
751,"MT","BARCARENA","-01°34'23.000''","-48°45'20.000''","Sul do Equador"
752,"MT","BARCARENA","-01°34'14.200''","-48°45'25.300''","Sul do Equador"
753,"MT","BARCARENA","-01°34'51.250''","-48°44'59.222''","Sul do Equador"
754,"MT","BARCARENA","-01°34'52.827''","-48°45'04.708''","Sul do Equador"
755,"MT","BARCARENA","-01°35'02.400''","-48°44'56.100''","Sul do Equador"
756,"PA","BARCARENA","-01°34'58.000''","-48°44'49.400''","Sul do Equador"
757,"PA","BARCARENA","-01°34'53.137''","-48°44'44.034''","Sul do Equador"
758,"MT","BARCARENA","-01°34'49.000''","-48°44'51.400''","Sul do Equador"
759,"MG","IPIXUNA DO PARÁ","-02°50'00.500''","-47°54'29.000''","Sul do Equador"
760,"MG","IPIXUNA DO PARÁ","-02°49'14.275''","-47°53'36.798''","Sul do Equador"
761,"PA","IPIXUNA DO PARÁ","-02°49'14.100''","-47°54'25.000''","Sul do Equador"
762,"PA","NOSSA SENHORA DO LIVRAMENTO","-16°03'31.580''","-56°21'10.380''","Sul do Equador"
763,"PA","NOSSA SENHORA DO LIVRAMENTO","-15°38'52.670''","-56°22'52.820''","Sul do Equador"
764,"PA","NOSSA SENHORA DO LIVRAMENTO","-15°39'33.400''","-56°17'06.300''","Sul do Equador"
765,"PA","NOSSA SENHORA DO LIVRAMENTO","-15°27'59.450''","-56°27'39.225''","Sul do Equador"
766,"PA","NOSSA SENHORA DO LIVRAMENTO","-15°59'15.130''","-56°18'49.880''","Sul do Equador"
767,"PA","NOSSA SENHORA DO LIVRAMENTO","-15°56'52.860''","-56°16'36.911''","Sul do Equador"
768,"PA","ITAITUBA","-06°04'04.560''","-56°17'11.390''","Sul do Equador"
769,"PA","ITAITUBA","-06°02'22.740''","-56°17'26.000''","Sul do Equador"
770,"PA","POCONÉ","-16°18'10.180''","-56°37'41.511''","Sul do Equador"
771,"PA","OURO PRETO","-20°25'24.810''","-43°45'11.170''","Sul do Equador"
772,"PA","OURO PRETO","-20°27'17.200''","-43°46'37.000''","Sul do Equador"
773,"PA","ORIXIMINÁ","-01°28'18.900''","-56°23'08.700''","Sul do Equador"
774,"PA","ORIXIMINÁ","-01°27'56.900''","-56°23'26.400''","Sul do Equador"
775,"PA","ORIXIMINÁ","-01°41'04.900''","-56°24'13.300''","Sul do Equador"
776,"PA","ORIXIMINÁ","-01°40'34.800''","-56°25'27.400''","Sul do Equador"
777,"PA","ORIXIMINÁ","-01°40'24.500''","-56°27'10.100''","Sul do Equador"
778,"PA","ORIXIMINÁ","-01°40'29.700''","-56°27'39.300''","Sul do Equador"
779,"PA","ORIXIMINÁ","-01°41'00.600''","-56°27'09.600''","Sul do Equador"
780,"PA","ORIXIMINÁ","-01°40'57.500''","-56°27'47.800''","Sul do Equador"
781,"PA","ORIXIMINÁ","-01°41'34.600''","-56°28'02.300''","Sul do Equador"
782,"PA","ORIXIMINÁ","-01°41'55.500''","-56°28'13.000''","Sul do Equador"
783,"PA","ORIXIMINÁ","-01°41'59.600''","-56°28'31.500''","Sul do Equador"
784,"PA","ORIXIMINÁ","-01°41'05.300''","-56°25'37.400''","Sul do Equador"
785,"PA","ORIXIMINÁ","-01°40'17.600''","-56°26'03.100''","Sul do Equador"
786,"PA","ORIXIMINÁ","-01°40'06.700''","-56°27'44.100''","Sul do Equador"
787,"PA","ORIXIMINÁ","-01°41'16.000''","-56°28'21.000''","Sul do Equador"
788,"PA","ORIXIMINÁ","-01°41'14.300''","-56°28'05.700''","Sul do Equador"
789,"PA","ORIXIMINÁ","-01°40'09.850''","-56°29'32.130''","Sul do Equador"
790,"SP","ORIXIMINÁ","-01°40'19.180''","-56°29'14.460''","Sul do Equador"
791,"MG","ORIXIMINÁ","-01°40'25.900''","-56°29'30.730''","Sul do Equador"
792,"MG","ORIXIMINÁ","-01°41'38.000''","-56°28'34.000''","Sul do Equador"
793,"MG","ORIXIMINÁ","-01°40'51.144''","-56°28'08.144''","Sul do Equador"
794,"MG","ORIXIMINÁ","-01°41'26.200''","-56°25'37.100''","Sul do Equador"
795,"MG","ORIXIMINÁ","-01°40'57.700''","-56°26'07.500''","Sul do Equador"
796,"SP","ORIXIMINÁ","-01°40'58.200''","-56°26'40.400''","Sul do Equador"
797,"MG","ORIXIMINÁ","-01°40'11.000''","-56°26'24.300''","Sul do Equador"
798,"MG","ORIXIMINÁ","-01°40'10.900''","-56°26'41.600''","Sul do Equador"
799,"MG","ORIXIMINÁ","-01°40'54.400''","-56°24'39.900''","Sul do Equador"
800,"MG","ORIXIMINÁ","-01°40'35.400''","-56°26'16.800''","Sul do Equador"
801,"MT","ORIXIMINÁ","-01°40'58.500''","-56°25'05.400''","Sul do Equador"
802,"SP","SALTO DE PIRAPORA","-23°39'43.200''","-47°39'59.900''","Sul do Equador"
803,"SP","ITAPECERICA","-20°26'24.200''","-45°07'55.200''","Sul do Equador"
804,"MG","ITAPECERICA","-20°26'16.300''","-45°08'54.300''","Sul do Equador"
805,"MT","SALTO DA DIVISA","-16°12'27.500''","-39°56'49.000''","Sul do Equador"
806,"MT","PEDRA AZUL","-15°53'19.800''","-41°03'36.800''","Sul do Equador"
807,"MT","PEDRA AZUL","-15°55'07.900''","-41°02'20.600''","Sul do Equador"
808,"SP","HORTOLÂNDIA","-22°51'07.563''","-47°14'21.706''","Sul do Equador"
809,"SP","VAZANTE","-17°57'54.000''","-46°50'39.000''","Sul do Equador"
810,"SP","VAZANTE","-17°57'40.809''","-46°50'59.200''","Sul do Equador"
811,"MG","OURO PRETO","-20°25'32.160''","-43°51'52.890''","Sul do Equador"
812,"MG","VAZANTE","-17°58'21.600''","-46°48'52.200''","Sul do Equador"
813,"MG","POCONÉ","-16°04'54.020''","-56°33'18.071''","Sul do Equador"
814,"RO","LEME","-22°11'20.000''","-47°27'25.000''","Sul do Equador"
815,"RO","IBIÚNA","-23°47'17.500''","-47°07'17.400''","Sul do Equador"
816,"RO","ITABIRITO","-20°12'37.637''","-43°41'08.800''","Sul do Equador"
817,"RO","NOSSA SENHORA DO LIVRAMENTO","-15°39'01.002''","-56°23'13.280''","Sul do Equador"
818,"SP","NOSSA SENHORA DO LIVRAMENTO","-15°39'16.680''","-56°23'09.060''","Sul do Equador"
819,"PA","NOSSA SENHORA DO LIVRAMENTO","-15°39'16.700''","-56°23'19.550''","Sul do Equador"
820,"AP","BOFETE","-23°10'40.200''","-48°20'40.800''","Sul do Equador"
821,"AP","GUARAREMA","-23°23'20.500''","-46°08'07.200''","Sul do Equador"
822,"AP","SANTA ISABEL","-23°21'23.900''","-46°17'05.800''","Sul do Equador"
823,"AP","RIO ACIMA","-20°09'39.643''","-43°50'52.101''","Sul do Equador"
824,"MT","RIO ACIMA","-20°09'48.200''","-43°51'03.610''","Sul do Equador"
825,"GO","RIO ACIMA","-20°09'31.827''","-43°50'34.785''","Sul do Equador"
826,"MT","ITAPUÃ DO OESTE","-09°12'15.700''","-63°05'04.400''","Sul do Equador"
827,"MG","ITAPUÃ DO OESTE","-09°11'55.300''","-63°04'30.500''","Sul do Equador"
828,"MG","ITAPUÃ DO OESTE","-09°12'19.954''","-63°05'01.035''","Sul do Equador"
829,"MG","ITAPUÃ DO OESTE","-09°12'39.100''","-63°05'11.000''","Sul do Equador"
830,"MG","SÃO PAULO","-23°25'14.000''","-46°44'09.800''","Sul do Equador"
831,"MG","ALMEIRIM","-00°53'51.400''","-52°26'30.500''","Sul do Equador"
832,"MG","VITÓRIA DO JARI","-00°53'51.673''","-52°22'44.295''","Sul do Equador"
833,"MT","PEDRA BRANCA DO AMAPARI","00°51'80.200''","-51°53'45.350''","Norte do Equador"
834,"MG","PEDRA BRANCA DO AMAPARI","00°50'71.400''","-51°53'17.500''","Norte do Equador"
835,"RS","PEDRA BRANCA DO AMAPARI","00°52'32.430''","-51°53'13.410''","Norte do Equador"
836,"RS","NOSSA SENHORA DO LIVRAMENTO","-15°52'21.100''","-56°10'19.900''","Sul do Equador"
837,"MG","CRIXÁS","-14°33'40.200''","-49°57'36.600''","Sul do Equador"
838,"MG","NOSSA SENHORA DO LIVRAMENTO","-15°52'28.649''","-56°09'59.637''","Sul do Equador"
839,"MG","SANTA BÁRBARA","-19°59'05.200''","-43°28'19.800''","Sul do Equador"
840,"MT","SANTA BÁRBARA","-20°01'08.000''","-43°29'35.000''","Sul do Equador"
841,"MT","SABARÁ","-19°51'58.815''","-43°43'37.915''","Sul do Equador"
842,"MT","NOVA LIMA","-19°57'49.000''","-43°50'20.000''","Sul do Equador"
843,"MT","NOVA LIMA","-19°58'25.000''","-43°49'46.000''","Sul do Equador"
844,"MG","NOVA LIMA","-19°57'55.000''","-43°50'31.000''","Sul do Equador"
845,"RO","NOSSA SENHORA DO LIVRAMENTO","-15°55'18.280''","-56°09'47.540''","Sul do Equador"
846,"RO","BETIM","-19°59'08.000''","-44°07'17.300''","Sul do Equador"
847,"SC","BUTIÁ","-30°08'44.381''","-52°00'13.591''","Sul do Equador"
848,"RO","CACHOEIRA DO SUL","-30°23'10.327''","-53°02'37.439''","Sul do Equador"
849,"AP","OURO PRETO","-20°26'16.735''","-43°50'02.435''","Sul do Equador"
850,"MT","CONGONHAS","-20°29'09.000''","-43°53'09.000''","Sul do Equador"
851,"BA","CONGONHAS","-20°30'21.000''","-43°53'00.000''","Sul do Equador"
852,"BA","NOSSA SENHORA DO LIVRAMENTO","-15°50'19.980''","-56°11'10.460''","Sul do Equador"
853,"BA","NOVA XAVANTINA","-14°38'26.700''","-52°29'49.000''","Sul do Equador"
854,"BA","NOVA XAVANTINA","-14°38'21.098''","-52°30'04.795''","Sul do Equador"
855,"BA","NOVA XAVANTINA","-14°38'25.076''","-52°30'03.686''","Sul do Equador"
856,"MT","CONGONHAS","-20°29'07.000''","-43°57'18.000''","Sul do Equador"
857,"MT","ARIQUEMES","-09°45'55.465''","-63°31'12.111''","Sul do Equador"
858,"BA","ARIQUEMES","-09°45'57.100''","-63°34'06.900''","Sul do Equador"
859,"BA","SIDERÓPOLIS","-28°34'38.200''","-49°26'31.900''","Sul do Equador"
860,"BA","ARIQUEMES","-09°47'16.100''","-63°34'30.600''","Sul do Equador"
861,"RO","PEDRA BRANCA DO AMAPARI","00°48'03.009''","-51°52'28.293''","Norte do Equador"
862,"RO","NOVA LACERDA","-14°32'13.600''","-59°46'12.880''","Sul do Equador"
863,"MT","CAETITÉ","-13°50'06.820''","-42°16'54.130''","Sul do Equador"
864,"MT","CAETITÉ","-13°50'05.090''","-42°16'52.210''","Sul do Equador"
865,"MT","CAETITÉ","-13°50'09.390''","-42°16'57.430''","Sul do Equador"
866,"PA","CAETITÉ","-13°50'09.990''","-42°17'03.420''","Sul do Equador"
867,"MT","MARACÁS","-13°69'40.142''","-40°68'93.806''","Sul do Equador"
868,"PA","POCONÉ","-16°01'37.490''","-56°31'29.280''","Sul do Equador"
869,"PA","POCONÉ","-16°01'28.340''","-56°31'16.190''","Sul do Equador"
870,"PA","MARACÁS","-13°41'12.251''","-40°41'29.982''","Sul do Equador"
871,"GO","MARACÁS","-13°41'14.100''","-40°41'20.900''","Sul do Equador"
872,"TO","MARACÁS","-13°41'23.770''","-40°41'29.300''","Sul do Equador"
873,"RJ","ARIQUEMES","-09°49'01.200''","-63°33'11.500''","Sul do Equador"
874,"MG","ARIQUEMES","-09°47'43.800''","-63°33'55.000''","Sul do Equador"
875,"MT","PONTES E LACERDA","-15°07'57.660''","-59°22'17.800''","Sul do Equador"
876,"MT","PONTES E LACERDA","-15°07'47.010''","-59°22'09.670''","Sul do Equador"
877,"MT","PONTES E LACERDA","-15°08'07.570''","-59°22'37.050''","Sul do Equador"
878,"MG","PARAGOMINAS","-03°15'54.986''","-47°45'11.400''","Sul do Equador"
879,"BA","PONTES E LACERDA","-15°07'50.480''","-59°22'45.910''","Sul do Equador"
880,"BA","PARAGOMINAS","-03°16'30.000''","-47°44'10.800''","Sul do Equador"
881,"MG","PARAGOMINAS","-03°15'34.180''","-47°45'29.400''","Sul do Equador"
882,"BA","PARAGOMINAS","-03°15'53.440''","-47°43'16.200''","Sul do Equador"
883,"SP","NIQUELÂNDIA","-14°24'57.500''","-48°15'19.930''","Sul do Equador"
884,"RO","ARRAIAS","-12°53'44.948''","-46°49'05.224''","Sul do Equador"
885,"MG","QUATIS","-22°27'18.200''","-44°17'10.300''","Sul do Equador"
886,"MG","CONGONHAS","-20°29'06.000''","-43°56'00.000''","Sul do Equador"
887,"MG","PONTES E LACERDA","-15°08'06.330''","-59°22'44.980''","Sul do Equador"
888,"SC","NOSSA SENHORA DO LIVRAMENTO","-15°41'21.580''","-56°21'11.810''","Sul do Equador"
889,"SP","NOSSA SENHORA DO LIVRAMENTO","-15°41'16.720''","-56°21'04.020''","Sul do Equador"
890,"PA","LAGAMAR","-18°16'47.500''","-46°51'43.600''","Sul do Equador"
891,"PA","MAIQUINIQUE","-15°46'38.400''","-40°19'20.400''","Sul do Equador"
892,"PA","MAIQUINIQUE","-15°46'42.000''","-40°19'04.200''","Sul do Equador"
893,"MG","FORTALEZA DE MINAS","-20°53'34.300''","-46°42'19.000''","Sul do Equador"
894,"MG","MAIQUINIQUE","-15°46'49.250''","-40°18'51.950''","Sul do Equador"
895,"MG","RIBEIRÃO BRANCO","-24°15'13.500''","-48°54'57.500''","Sul do Equador"
896,"RS","ARIQUEMES","-09°47'34.047''","-63°33'34.869''","Sul do Equador"
897,"TO","PARACATU","-17°29'46.800''","-46°49'07.800''","Sul do Equador"
898,"PA","PARACATU","-17°30'38.400''","-46°49'42.000''","Sul do Equador"
899,"MG","PARACATU","-17°30'48.000''","-46°49'42.000''","Sul do Equador"
900,"MG","URUSSANGA","-28°27'13.000''","-49°22'13.000''","Sul do Equador"
901,"MG","MONTE MOR","-22°56'18.300''","-47°14'24.900''","Sul do Equador"
902,"PA","MARABÁ","-05°30'45.000''","-50°13'21.000''","Sul do Equador"
903,"BA","MARABÁ","-05°30'32.687''","-50°14'00.427''","Sul do Equador"
904,"MT","MARABÁ","-05°30'48.910''","-50°14'07.920''","Sul do Equador"
905,"PA","BRUMADINHO","-20°07'11.300''","-44°18'26.900''","Sul do Equador"
906,"PA","IGARAPÉ","-20°06'37.550''","-44°17'12.020''","Sul do Equador"
907,"MT","IGARAPÉ","-20°06'12.700''","-44°17'17.500''","Sul do Equador"
908,"PA","CAÇAPAVA DO SUL","-30°55'11.200''","-53°25'04.950''","Sul do Equador"
909,"MG","NATIVIDADE","-11°38'50.700''","-47°40'36.240''","Sul do Equador"
910,"MG","ORIXIMINÁ","-01°40'47.230''","-56°29'48.630''","Sul do Equador"
911,"MG","PATOS DE MINAS","-18°22'51.200''","-46°55'37.900''","Sul do Equador"
912,"MG","PATOS DE MINAS","-18°22'44.500''","-46°55'35.300''","Sul do Equador"
913,"MG","PATOS DE MINAS","-18°22'47.300''","-46°55'58.200''","Sul do Equador"
914,"MG","NOVA ERA","-19°36'06.170''","-43°01'47.700''","Sul do Equador"
915,"PA","ITAITUBA","-06°02'15.800''","-56°17'35.700''","Sul do Equador"
916,"BA","CAETITÉ","-13°50'15.930''","-42°16'31.100''","Sul do Equador"
917,"MT","NOSSA SENHORA DO LIVRAMENTO","-15°52'52.280''","-56°20'46.920''","Sul do Equador"
